0,chuj
1,chuja
2,chujek
3,chuju
4,chujem
5,chujnia
6,chujowy
7,chujowa
8,chujowe
9,cipa
10,cipę
11,cipe
12,cipą
13,cipie
14,dojebać
15,dojebac
16,dojebie
17,dojebał
18,dojebal
19,dojebała
20,dojebala
21,dojebałem
22,dojebalem
23,dojebałam
24,dojebalam
25,dojebię
26,dojebie
27,dopieprzać
28,dopieprzac
29,dopierdalać
30,dopierdalac
31,dopierdala
32,dopierdalał
33,dopierdalal
34,dopierdalała
35,dopierdalala
36,dopierdoli
37,dopierdolił
38,dopierdolil
39,dopierdolę
40,dopierdole
41,dopierdoli
42,dopierdalający
43,dopierdalajacy
44,dopierdolić
45,dopierdolic
46,dupa
47,dupie
48,dupą
49,dupcia
50,dupeczka
51,dupy
52,dupe
53,huj
54,hujek
55,hujnia
56,huja
57,huje
58,hujem
59,huju
60,jebać
61,jebac
62,jebał
63,jebal
64,jebie
65,jebią
66,jebia
67,jebak
68,jebaka
69,jebal
70,jebał
71,jebany
72,jebane
73,jebanka
74,jebanko
75,jebankiem
76,jebanymi
77,jebana
78,jebanym
79,jebanej
80,jebaną
81,jebana
82,jebani
83,jebanych
84,jebanymi
85,jebcie
86,jebiący
87,jebiacy
88,jebiąca
89,jebiaca
90,jebiącego
91,jebiacego
92,jebiącej
93,jebiacej
94,jebia
95,jebią
96,jebie
97,jebię
98,jebliwy
99,jebnąć
100,jebnac
101,jebnąc
102,jebnać
103,jebnął
104,jebnal
105,jebną
106,jebna
107,jebnęła
108,jebnela
109,jebnie
110,jebnij
111,jebut
112,koorwa
113,kórwa
114,kurestwo
115,kurew
116,kurewski
117,kurewska
118,kurewskiej
119,kurewską
120,kurewska
121,kurewsko
122,kurewstwo
123,kurwa
124,kurwaa
125,kurwami
126,kurwą
127,kurwe
128,kurwę
129,kurwie
130,kurwiska
131,kurwo
132,kurwy
133,kurwach
134,kurwami
135,kurewski
136,kurwiarz
137,kurwiący
138,kurwica
139,kurwić
140,kurwic
141,kurwidołek
142,kurwik
143,kurwiki
144,kurwiszcze
145,kurwiszon
146,kurwiszona
147,kurwiszonem
148,kurwiszony
149,kutas
150,kutasa
151,kutasie
152,kutasem
153,kutasy
154,kutasów
155,kutasow
156,kutasach
157,kutasami
158,matkojebca
159,matkojebcy
160,matkojebcą
161,matkojebca
162,matkojebcami
163,matkojebcach
164,nabarłożyć
165,najebać
166,najebac
167,najebał
168,najebal
169,najebała
170,najebala
171,najebane
172,najebany
173,najebaną
174,najebana
175,najebie
176,najebią
177,najebia
178,naopierdalać
179,naopierdalac
180,naopierdalał
181,naopierdalal
182,naopierdalała
183,naopierdalala
184,naopierdalała
185,napierdalać
186,napierdalac
187,napierdalający
188,napierdalajacy
189,napierdolić
190,napierdolic
191,nawpierdalać
192,nawpierdalac
193,nawpierdalał
194,nawpierdalal
195,nawpierdalała
196,nawpierdalala
197,obsrywać
198,obsrywac
199,obsrywający
200,obsrywajacy
201,odpieprzać
202,odpieprzac
203,odpieprzy
204,odpieprzył
205,odpieprzyl
206,odpieprzyła
207,odpieprzyla
208,odpierdalać
209,odpierdalac
210,odpierdol
211,odpierdolił
212,odpierdolil
213,odpierdoliła
214,odpierdolila
215,odpierdoli
216,odpierdalający
217,odpierdalajacy
218,odpierdalająca
219,odpierdalajaca
220,odpierdolić
221,odpierdolic
222,odpierdoli
223,odpierdolił
224,opieprzający
225,opierdalać
226,opierdalac
227,opierdala
228,opierdalający
229,opierdalajacy
230,opierdol
231,opierdolić
232,opierdolic
233,opierdoli
234,opierdolą
235,opierdola
236,piczka
237,pieprznięty
238,pieprzniety
239,pieprzony
240,pierdel
241,pierdlu
242,pierdolą
243,pierdola
244,pierdolący
245,pierdolacy
246,pierdoląca
247,pierdolaca
248,pierdol
249,pierdole
250,pierdolenie
251,pierdoleniem
252,pierdoleniu
253,pierdolę
254,pierdolec
255,pierdola
256,pierdolą
257,pierdolić
258,pierdolicie
259,pierdolic
260,pierdolił
261,pierdolil
262,pierdoliła
263,pierdolila
264,pierdoli
265,pierdolnięty
266,pierdolniety
267,pierdolisz
268,pierdolnąć
269,pierdolnac
270,pierdolnął
271,pierdolnal
272,pierdolnęła
273,pierdolnela
274,pierdolnie
275,pierdolnięty
276,pierdolnij
277,pierdolnik
278,pierdolona
279,pierdolone
280,pierdolony
281,pierdołki
282,pierdzący
283,pierdzieć
284,pierdziec
285,pizda
286,pizdą
287,pizde
288,pizdę
289,piździe
290,pizdzie
291,pizdnąć
292,pizdnac
293,pizdu
294,podpierdalać
295,podpierdalac
296,podpierdala
297,podpierdalający
298,podpierdalajacy
299,podpierdolić
300,podpierdolic
301,podpierdoli
302,pojeb
303,pojeba
304,pojebami
305,pojebani
306,pojebanego
307,pojebanemu
308,pojebani
309,pojebany
310,pojebanych
311,pojebanym
312,pojebanymi
313,pojebem
314,pojebać
315,pojebac
316,pojebalo
317,popierdala
318,popierdalac
319,popierdalać
320,popierdolić
321,popierdolic
322,popierdoli
323,popierdolonego
324,popierdolonemu
325,popierdolonym
326,popierdolone
327,popierdoleni
328,popierdolony
329,porozpierdalać
330,porozpierdala
331,porozpierdalac
332,poruchac
333,poruchać
334,przejebać
335,przejebane
336,przejebac
337,przyjebali
338,przepierdalać
339,przepierdalac
340,przepierdala
341,przepierdalający
342,przepierdalajacy
343,przepierdalająca
344,przepierdalajaca
345,przepierdolić
346,przepierdolic
347,przyjebać
348,przyjebac
349,przyjebie
350,przyjebała
351,przyjebala
352,przyjebał
353,przyjebal
354,przypieprzać
355,przypieprzac
356,przypieprzający
357,przypieprzajacy
358,przypieprzająca
359,przypieprzajaca
360,przypierdalać
361,przypierdalac
362,przypierdala
363,przypierdoli
364,przypierdalający
365,przypierdalajacy
366,przypierdolić
367,przypierdolic
368,qrwa
369,rozjebać
370,rozjebac
371,rozjebie
372,rozjebała
373,rozjebią
374,rozpierdalać
375,rozpierdalac
376,rozpierdala
377,rozpierdolić
378,rozpierdolic
379,rozpierdole
380,rozpierdoli
381,rozpierducha
382,skurwić
383,skurwiel
384,skurwiela
385,skurwielem
386,skurwielu
387,skurwysyn
388,skurwysynów
389,skurwysynow
390,skurwysyna
391,skurwysynem
392,skurwysynu
393,skurwysyny
394,skurwysyński
395,skurwysynski
396,skurwysyństwo
397,skurwysynstwo
398,spieprzać
399,spieprzac
400,spieprza
401,spieprzaj
402,spieprzajcie
403,spieprzają
404,spieprzaja
405,spieprzający
406,spieprzajacy
407,spieprzająca
408,spieprzajaca
409,spierdalać
410,spierdalac
411,spierdala
412,spierdalał
413,spierdalała
414,spierdalal
415,spierdalalcie
416,spierdalala
417,spierdalający
418,spierdalajacy
419,spierdolić
420,spierdolic
421,spierdoli
422,spierdoliła
423,spierdoliło
424,spierdolą
425,spierdola
426,srać
427,srac
428,srający
429,srajacy
430,srając
431,srajac
432,sraj
433,sukinsyn
434,sukinsyny
435,sukinsynom
436,sukinsynowi
437,sukinsynów
438,sukinsynow
439,śmierdziel
440,udupić
441,ujebać
442,ujebac
443,ujebał
444,ujebal
445,ujebana
446,ujebany
447,ujebie
448,ujebała
449,ujebala
450,upierdalać
451,upierdalac
452,upierdala
453,upierdoli
454,upierdolić
455,upierdolic
456,upierdoli
457,upierdolą
458,upierdola
459,upierdoleni
460,wjebać
461,wjebac
462,wjebie
463,wjebią
464,wjebia
465,wjebiemy
466,wjebiecie
467,wkurwiać
468,wkurwiac
469,wkurwi
470,wkurwia
471,wkurwiał
472,wkurwial
473,wkurwiający
474,wkurwiajacy
475,wkurwiająca
476,wkurwiajaca
477,wkurwić
478,wkurwic
479,wkurwi
480,wkurwiacie
481,wkurwiają
482,wkurwiali
483,wkurwią
484,wkurwia
485,wkurwimy
486,wkurwicie
487,wkurwiacie
488,wkurwić
489,wkurwic
490,wkurwia
491,wpierdalać
492,wpierdalac
493,wpierdalający
494,wpierdalajacy
495,wpierdol
496,wpierdolić
497,wpierdolic
498,wpizdu
499,wyjebać
500,wyjebac
501,wyjebali
502,wyjebał
503,wyjebac
504,wyjebała
505,wyjebały
506,wyjebie
507,wyjebią
508,wyjebia
509,wyjebiesz
510,wyjebie
511,wyjebiecie
512,wyjebiemy
513,wypieprzać
514,wypieprzac
515,wypieprza
516,wypieprzał
517,wypieprzal
518,wypieprzała
519,wypieprzala
520,wypieprzy
521,wypieprzyła
522,wypieprzyla
523,wypieprzył
524,wypieprzyl
525,wypierdal
526,wypierdalać
527,wypierdalac
528,wypierdala
529,wypierdalaj
530,wypierdalał
531,wypierdalal
532,wypierdalała
533,wypierdalala
534,wypierdalać
535,wypierdolić
536,wypierdolic
537,wypierdoli
538,wypierdolimy
539,wypierdolicie
540,wypierdolą
541,wypierdola
542,wypierdolili
543,wypierdolił
544,wypierdolil
545,wypierdoliła
546,wypierdolila
547,zajebać
548,zajebac
549,zajebie
550,zajebią
551,zajebia
552,zajebiał
553,zajebial
554,zajebała
555,zajebiala
556,zajebali
557,zajebana
558,zajebani
559,zajebane
560,zajebany
561,zajebanych
562,zajebanym
563,zajebanymi
564,zajebiste
565,zajebisty
566,zajebistych
567,zajebista
568,zajebistym
569,zajebistymi
570,zajebiście
571,zajebiscie
572,zapieprzyć
573,zapieprzyc
574,zapieprzy
575,zapieprzył
576,zapieprzyl
577,zapieprzyła
578,zapieprzyla
579,zapieprzą
580,zapieprza
581,zapieprzy
582,zapieprzymy
583,zapieprzycie
584,zapieprzysz
585,zapierdala
586,zapierdalać
587,zapierdalac
588,zapierdalaja
589,zapierdalał
590,zapierdalaj
591,zapierdalajcie
592,zapierdalała
593,zapierdalala
594,zapierdalali
595,zapierdalający
596,zapierdalajacy
597,zapierdolić
598,zapierdolic
599,zapierdoli
600,zapierdolił
601,zapierdolil
602,zapierdoliła
603,zapierdolila
604,zapierdolą
605,zapierdola
606,zapierniczać
607,zapierniczający
608,zasrać
609,zasranym
610,zasrywać
611,zasrywający
612,zesrywać
613,zesrywający
614,zjebać
615,zjebac
616,zjebał
617,zjebal
618,zjebała
619,zjebala
620,zjebana
621,zjebią
622,zjebali
623,zjeby
